log_id,source_url,final_url,http_status,status,error_msg,duration_sec,crawled_at
546c3aaf-e1c1-4170-9f74-aa994a64834d,https://www.linkedin.com/in/abdoljalil-addeh-a3bb28212/,https://www.linkedin.com/in/abdoljalil-addeh-a3bb28212/,200,success,,8.49,2026-05-30T00:44:11.197815+00:00
31ce4160-a8c8-4ad0-923a-bbf9d03ae3bd,https://www.linkedin.com/in/shiva-heydari/,https://www.linkedin.com/in/shiva-heydari/,200,success,,78.54,2026-05-30T00:46:32.182783+00:00
9965d206-8c55-4f23-9c7d-b2c39e0eba3a,https://www.linkedin.com/in/abigail-lunge-66123526a/,https://www.linkedin.com/in/abigail-lunge-66123526a/,200,success,,68.4,2026-05-30T00:51:07.924579+00:00
bf180cee-f962-4d44-b7a2-ec71175c8c5e,https://www.linkedin.com/in/araz-minhas/,https://www.linkedin.com/in/araz-minhas/,200,success,,77.53,2026-05-30T00:55:59.292934+00:00
26160b2e-1273-4f2d-a835-42ff62276054,https://www.linkedin.com/in/mashiat-zaman/,https://www.linkedin.com/in/mashiat-zaman/,200,success,,78.85,2026-05-30T00:59:34.200997+00:00
900e1dc6-70ee-446c-ac27-a91fa53ebe1e,https://www.linkedin.com/in/natalie-zabrowski/,https://www.linkedin.com/in/natalie-zabrowski/,200,success,,68.44,2026-05-30T01:03:15.029807+00:00
9acfb50c-e70d-4d45-9d96-39510c60d0c6,https://www.linkedin.com/in/amirakfadl/,https://www.linkedin.com/in/amirakfadl/,200,success,,88.77,2026-05-30T01:08:23.024244+00:00
ec5bdacf-d4f8-45c0-93a1-e9e6fe9557af,https://www.linkedin.com/in/lily-koochak-neuro/,https://www.linkedin.com/in/lily-koochak-neuro/,200,success,,68.36,2026-05-30T01:11:41.864432+00:00
8c8dcf45-42a9-48a7-bcfa-321809d208aa,https://www.linkedin.com/in/saahimsalman/,https://www.linkedin.com/in/saahimsalman/,200,success,,67.91,2026-05-30T01:15:58.078607+00:00
cfee5438-a89d-4132-8f5b-3b877180d50c,https://www.linkedin.com/in/rezajavanray/,https://www.linkedin.com/in/rezajavanray/,200,success,,67.19,2026-05-30T01:20:43.094947+00:00
bd4a14aa-1c83-4b45-bca0-3dc9b46300c3,https://www.linkedin.com/in/drscottryan/,https://www.linkedin.com/in/drscottryan/,200,success,,68.35,2026-05-30T01:24:45.999370+00:00
25ebd6da-4c9c-40bb-a75a-1de9b5485cb9,https://www.linkedin.com/in/frankvisser2/,https://www.linkedin.com/in/frankvisser2/,200,success,,77.39,2026-05-30T01:29:07.341019+00:00
4b161d06-ab4b-41ae-920d-2029e10137d6,https://www.linkedin.com/in/annette-o-264610215/,https://www.linkedin.com/in/annette-o-264610215/,200,success,,68.72,2026-05-30T01:33:19.379235+00:00
f3c1ef76-c33a-4407-924a-a0f86b8575f1,https://www.linkedin.com/in/sara-alshimari-8aa99b246/,https://www.linkedin.com/in/sara-alshimari-8aa99b246/,200,success,,68.63,2026-05-30T01:36:44.805329+00:00
06dcd7b6-3034-4b5d-b2c2-bc770097f2d2,https://www.linkedin.com/in/david-a-elliott/,https://www.linkedin.com/in/david-a-elliott/,200,success,,68.43,2026-05-30T01:41:05.729600+00:00
c604aa58-2fcf-4333-9b1c-ff5ef509a477,https://www.linkedin.com/in/conrad-rockel-32875b47/,https://www.linkedin.com/in/conrad-rockel-32875b47/,200,success,,67.83,2026-05-30T01:45:06.424435+00:00
6a867739-f5fa-492e-8a5b-4f076ce8aa1c,https://www.linkedin.com/in/aislyn-shaw-337507267/,https://www.linkedin.com/in/aislyn-shaw-337507267/,200,success,,78.07,2026-05-30T01:48:18.553795+00:00
0ba28e11-f970-4b03-bcdf-4c560e007d2c,https://www.linkedin.com/in/farhanraza44/,https://www.linkedin.com/in/farhanraza44/,200,success,,68.96,2026-05-30T01:52:06.979496+00:00
8e98d38c-54ad-4752-b0f9-d8ccc0b2ff5e,https://www.linkedin.com/in/jiayi-teh/,https://www.linkedin.com/in/jiayi-teh/,200,success,,68.55,2026-05-30T01:57:07.730053+00:00
216a273e-6ffe-4c9b-abfa-88a2863f1566,https://www.linkedin.com/in/badee-khnaijer-289958291/,https://www.linkedin.com/in/badee-khnaijer-289958291/,200,success,,87.47,2026-05-30T02:00:54.592289+00:00
5b7c6fb0-296f-4a55-8c25-e37dd6d099be,https://www.linkedin.com/in/hbito-university-of-calgary-7a0b4b100/,https://www.linkedin.com/in/hbito-university-of-calgary-7a0b4b100/,200,success,,68.92,2026-05-30T02:06:33.300873+00:00
9c2d3477-5280-4bc1-b2c1-3201c0c289f4,https://www.linkedin.com/in/jasper-hollings/,https://www.linkedin.com/in/jasper-hollings/,200,success,,69.12,2026-05-30T02:11:40.451922+00:00
b1262f13-9f41-4fbb-8df7-c4ac0c081efa,https://www.linkedin.com/in/david-de-alwis-seneviratne-02ba96277/,https://www.linkedin.com/in/david-de-alwis-seneviratne-02ba96277/,200,success,,69.56,2026-05-30T02:15:02.298655+00:00
291ff223-e674-433f-ab7d-f83190b5e48b,https://www.linkedin.com/in/stephanie-rha-9634aa309/,https://www.linkedin.com/in/stephanie-rha-9634aa309/,200,success,,77.98,2026-05-30T02:18:34.701657+00:00
e28bb66c-acb8-4f6e-8b87-468a54861bd6,https://www.linkedin.com/in/matthew-komori-65092028b/,https://www.linkedin.com/in/matthew-komori-65092028b/,200,success,,78.05,2026-05-30T02:22:52.866398+00:00
eadb3972-29a9-41b2-9480-9d11986fe639,https://www.linkedin.com/in/karla-batista-garc%C3%ADa-ram%C3%B3-80715a146/,https://www.linkedin.com/in/karla-batista-garc%C3%ADa-ram%C3%B3-80715a146/,200,success,,77.47,2026-05-30T02:26:29.237817+00:00
59045d3e-a8ef-4352-8617-a0aa08491790,https://www.linkedin.com/in/saraearly/,https://www.linkedin.com/in/saraearly/,200,success,,77.88,2026-05-30T02:31:02.944481+00:00
2693f3ae-ca36-4d18-8574-d73678984fe8,https://www.linkedin.com/in/lucia-estrada-943174378/,https://www.linkedin.com/in/lucia-estrada-943174378/,200,success,,78.44,2026-05-30T02:35:53.577022+00:00
68bdccfe-0e5b-4d4f-af36-b501a20894dd,https://www.linkedin.com/in/creeannphillips/,https://www.linkedin.com/in/creeannphillips/,200,success,,68.74,2026-05-30T02:39:22.509804+00:00
68eab795-3a2b-452c-a40b-1454db57d11c,https://www.linkedin.com/in/divjot-bhatia-233bbb356/,https://www.linkedin.com/in/divjot-bhatia-233bbb356/,200,success,,78.69,2026-05-30T02:43:27.356007+00:00
81033526-1916-45e3-8c4c-8f12d6369dd1,https://www.linkedin.com/in/stephanie-ratte-83326219/,https://www.linkedin.com/in/stephanie-ratte-83326219/,200,success,,78.3,2026-05-30T02:48:44.563838+00:00
1707a6a3-f7e8-4b51-9c67-8deb74efcc09,https://www.linkedin.com/in/robin-bishop7/,https://www.linkedin.com/in/robin-bishop7/,200,success,,67.06,2026-05-30T02:51:57.541076+00:00
88b394a9-73cb-4aed-85ba-d4ae84258aaa,https://www.linkedin.com/in/shuchi-patel-246ba9244/,https://www.linkedin.com/in/shuchi-patel-246ba9244/,200,success,,77.34,2026-05-30T02:55:32.946714+00:00
9f0db4c7-1291-4e59-bc37-8c7e7570f50d,https://www.linkedin.com/in/jasmine-stevenson-591011301/,https://www.linkedin.com/in/jasmine-stevenson-591011301/,200,success,,68.49,2026-05-30T03:00:40.732463+00:00
a058656e-1895-4028-b82b-864f6a2f2f7e,https://www.linkedin.com/in/yekeen-abu-shiraz-175b8a149/,https://www.linkedin.com/in/yekeen-abu-shiraz-175b8a149/,200,success,,77.61,2026-05-30T03:03:31.517494+00:00
ef9f5328-b8ff-48e1-8243-2b8fdbd4874b,https://www.linkedin.com/in/ravi-amir-santiago-bullock-9ab04b201/,https://www.linkedin.com/in/ravi-amir-santiago-bullock-9ab04b201/,200,success,,68.54,2026-05-30T03:07:56.367624+00:00
a20c71c6-abc4-42ff-81e0-7e998376ab1e,https://www.linkedin.com/in/nicole-zalasky-9606b2307/,https://www.linkedin.com/in/nicole-zalasky-9606b2307/,200,success,,68.92,2026-05-30T03:13:08.043559+00:00
ada95353-b0a5-4503-a7bd-b39aa849836e,https://www.linkedin.com/in/daniel-moussienko-02a7abba/,https://www.linkedin.com/in/daniel-moussienko-02a7abba/,200,success,,79.56,2026-05-30T03:16:26.194373+00:00
b8ba200e-3f48-4f41-9d26-8603c772e1e2,https://www.linkedin.com/in/heather-leduc-pessah-a2057158/,https://www.linkedin.com/in/heather-leduc-pessah-a2057158/,200,success,,68.7,2026-05-30T03:20:39.261411+00:00
aa7b4039-b98e-41a1-9cb3-840ee9cd4f47,https://www.linkedin.com/in/daniel-alayev-78822a310/,https://www.linkedin.com/in/daniel-alayev-78822a310/,200,success,,68.03,2026-05-30T03:25:35.821876+00:00
8e782e98-3722-41eb-9eba-cbb08f03ed34,https://www.linkedin.com/in/chandan-mann-279a51277/,https://www.linkedin.com/in/chandan-mann-279a51277/,200,success,,67.45,2026-05-30T03:29:22.283622+00:00
9a15c5f3-bdb5-4eea-9c0f-63c1358ecac7,https://www.linkedin.com/in/craig-day-2a118a100/,https://www.linkedin.com/in/craig-day-2a118a100/,200,success,,78.08,2026-05-30T03:32:54.748522+00:00
491aade9-08e0-4b9c-8ab1-66e19d248e3b,https://www.linkedin.com/in/george-montebruno-35684ba/,https://www.linkedin.com/in/george-montebruno-35684ba/,200,success,,77.85,2026-05-30T03:37:37.389335+00:00
897de915-62e8-4da0-9033-e8ad4dbd1e55,https://www.linkedin.com/in/khedawedj-slimani-06359012b/,https://www.linkedin.com/in/khedawedj-slimani-06359012b/,200,success,,68.17,2026-05-30T03:41:35.929158+00:00
d85cfd5c-ac5b-4ac6-836f-95b4b9f27da1,https://www.linkedin.com/in/annika-maj-9272471a8/,https://www.linkedin.com/in/annika-maj-9272471a8/,200,success,,69.08,2026-05-30T03:45:42.495164+00:00
c94cf414-1493-490e-8519-79f62ee12af6,https://www.linkedin.com/in/chantel-ritter-864989149/,https://www.linkedin.com/in/chantel-ritter-864989149/,200,success,,78.06,2026-05-30T03:50:39.124040+00:00
bda434dc-5fc2-492a-864c-24b09b51d51f,https://www.linkedin.com/in/chris-kang-4570091b8/,https://www.linkedin.com/in/chris-kang-4570091b8/,200,success,,79.9,2026-05-30T03:54:46.887739+00:00
78acef71-08e4-4e41-be86-b2e1256b98b8,https://www.linkedin.com/in/hadi-hassan-06b384232/,https://www.linkedin.com/in/hadi-hassan-06b384232/,200,success,,70.03,2026-05-30T03:58:25.006035+00:00
08c91094-44c1-4b9f-a8b5-23e7cc8824f9,https://www.linkedin.com/in/ife-owojori-3a2265395/,https://www.linkedin.com/in/ife-owojori-3a2265395/,200,success,,68.75,2026-05-30T04:03:11.376404+00:00
e2187d69-cda9-4edd-a026-5f361a3adfc4,https://www.linkedin.com/in/jonathan-l-b10081126/,https://www.linkedin.com/in/jonathan-l-b10081126/,200,success,,77.33,2026-05-30T04:06:31.030023+00:00
b25c456a-e67c-49b9-abd8-e953bd4fc2d0,https://www.linkedin.com/in/shaelenestanding/,https://www.linkedin.com/in/shaelenestanding/,200,success,,78.16,2026-05-30T04:11:31.833466+00:00
d9ff73e1-983d-4ef6-813c-306f3a4cfe5d,https://www.linkedin.com/in/umar-zaidi-14b5102aa/,https://www.linkedin.com/in/umar-zaidi-14b5102aa/,200,success,,68.63,2026-05-30T04:15:44.928337+00:00
a2fbbb3f-56a6-4e5b-af6d-1980573bd0f8,https://www.linkedin.com/in/yansing-huang-b4a25233a/,https://www.linkedin.com/in/yansing-huang-b4a25233a/,200,success,,79.23,2026-05-30T04:19:24.025453+00:00
6374d51f-3a17-4657-b314-314ce9291eca,https://www.linkedin.com/in/yasmeen-naseem-705955347/,https://www.linkedin.com/in/yasmeen-naseem-705955347/,200,success,,8.38,2026-05-30T04:23:27.218617+00:00
9e35215d-2d11-41ba-9a95-1534723eb298,https://www.linkedin.com/in/jslobozian/,https://www.linkedin.com/in/jslobozian,200,success,,4.11,2026-05-30T04:26:49.725296+00:00
afc4a843-c333-4451-b1b0-ffdf4890c7f7,https://www.linkedin.com/in/drturin/,https://www.linkedin.com/in/drturin/,200,success,,4.49,2026-05-30T04:28:35.445596+00:00
3fe9a2c7-cf5a-4651-acae-a613c3dd9bb1,https://www.linkedin.com/in/sophiadhami/,https://www.linkedin.com/in/sophiadhami/,200,success,,3.89,2026-05-30T04:31:56.850968+00:00
75bf729f-0f06-4434-b612-6588686989ba,https://www.linkedin.com/in/indra11/,https://www.linkedin.com/in/indra11/,200,success,,4.43,2026-05-30T04:35:03.913437+00:00
7c86d366-3400-4dc7-892f-809ea84225c9,https://www.linkedin.com/in/tanu-nanda-prabhu-a15a091b5/,https://www.linkedin.com/in/tanu-nanda-prabhu-a15a091b5/,200,success,,4.41,2026-05-30T04:36:44.593936+00:00
244e5d5b-1756-42e4-bc7d-62e4193e273c,https://www.linkedin.com/in/randymarusyk/,https://www.linkedin.com/in/randymarusyk/,200,success,,4.2,2026-05-30T04:39:19.518542+00:00
182c3b95-99f0-4531-99cf-7d386a2556f6,https://www.linkedin.com/in/%D8%A7%D8%AD%D8%B3%D8%A7%D9%86-%D8%AD%DA%A9%DB%8C%D9%85%DB%8C-424191117/,https://www.linkedin.com/in/%D8%A7%D8%AD%D8%B3%D8%A7%D9%86-%D8%AD%DA%A9%DB%8C%D9%85%DB%8C-424191117/,200,success,,4.5,2026-05-30T04:44:04.543176+00:00
